{
  "threshold": 0.45835575461387634,
  "best_epoch": 26,
  "results": {
    "grandtest": {
      "n": 480.0,
      "acc": 0.9454926624737946,
      "auc": 0.9933249370277077,
      "eer": 0.02761335012594456,
      "hter": 0.0327455919395466
    },
    "print": {
      "n": 160.0,
      "acc": 0.9625,
      "auc": 0.9834375,
      "eer": 0.03124999999999999,
      "hter": 0.0375
    },
    "mobile": {
      "n": 240.0,
      "acc": 0.9704641350210971,
      "auc": 0.9974522292993631,
      "eer": 0.009434713375796178,
      "hter": 0.022292993630573247
    },
    "highdef": {
      "n": 240.0,
      "acc": 0.9458333333333333,
      "auc": 0.9942187499999999,
      "eer": 0.03749999999999999,
      "hter": 0.040625
    },
    "fixed": {
      "n": 280.0,
      "acc": 0.9530685920577617,
      "auc": 0.9950507614213198,
      "eer": 0.022652284263959366,
      "hter": 0.03299492385786802
    },
    "hand": {
      "n": 280.0,
      "acc": 0.9535714285714286,
      "auc": 0.9916250000000001,
      "eer": 0.03625000000000002,
      "hter": 0.0325
    }
  }
}