{
  "threshold": 0.8568446040153503,
  "best_epoch": 20,
  "best_devel_acc": 0.9884960718294051,
  "results": {
    "grandtest": {
      "n": 480.0,
      "acc": 0.9916142557651991,
      "auc": 0.9997166246851386,
      "eer": 0.0012594458438286993,
      "hter": 0.005037783375314861
    },
    "print": {
      "n": 160.0,
      "acc": 0.99375,
      "auc": 0.99859375,
      "eer": 0.006249999999999978,
      "hter": 0.00625
    },
    "mobile": {
      "n": 240.0,
      "acc": 1.0,
      "auc": 1.0,
      "eer": 0.0,
      "hter": 0.0
    },
    "highdef": {
      "n": 240.0,
      "acc": 0.9875,
      "auc": 1.0,
      "eer": 0.0,
      "hter": 0.009375
    },
    "fixed": {
      "n": 280.0,
      "acc": 0.9963898916967509,
      "auc": 1.0,
      "eer": 0.0,
      "hter": 0.0025380710659898475
    },
    "hand": {
      "n": 280.0,
      "acc": 0.9892857142857143,
      "auc": 0.9994375,
      "eer": 0.0025000000000000022,
      "hter": 0.0075
    }
  }
}